{"head":{"x":37,"y":122,"enabled":false,"halign":"RIGHT","valign":"TOP"},"charm":{"x":0,"y":160,"enabled":false,"halign":"LEFT","valign":"TOP"},"belt":{"x":0,"y":140,"enabled":false,"halign":"LEFT","valign":"TOP"},"back":{"x":62,"y":138,"enabled":true,"halign":"RIGHT","valign":"TOP"},"body":{"x":0,"y":60,"enabled":false,"halign":"LEFT","valign":"TOP"},"feet":{"x":0,"y":200,"halign":"LEFT","valign":"TOP","enabled":false},"hands":{"x":0,"y":100,"halign":"LEFT","valign":"TOP","enabled":false},"ring":{"x":0,"y":120,"halign":"LEFT","valign":"TOP","enabled":false},"necklace":{"x":0,"y":20,"halign":"LEFT","valign":"TOP","enabled":false},"bracelet":{"x":0,"y":80,"halign":"LEFT","valign":"TOP","enabled":false},"curio":{"x":0,"y":180,"halign":"LEFT","valign":"TOP","enabled":false}}