{
  "type": "create:mechanical_crafting",
  "pattern": [
    "I I",
    "HRH",
    "PMP",
    "PCP",
    " L "
  ],
  "key": {
    "L": {
      "tag": "forge:ingots/brass"
    },
    "C": {
      "tag": "forge:ingots/copper"
    },
    "R": {
      "item": "create:precision_mechanism"
    },
    "H": {
      "item": "create:brass_hand"
    },
    "P": {
      "item": "create:fluid_pipe"
    },
    "I": {
      "tag": "forge:plates/iron"
    },
    "M": {
      "item": "create:mechanical_pump"
    }
  },
  "result": {
    "item": "vs_clockwork:gravitron"
  },
  "acceptMirrored": false
}